<?xml version="1.0" encoding="UTF-8"?>
<beans xmlns="http://www.springframework.org/schema/beans"
	xmlns:xsi="http://www.w3.org/2001/XMLSchema-instance" xmlns:int="http://www.springframework.org/schema/integration"
	xmlns:int-ftp="http://www.springframework.org/schema/integration/ftp"
	xsi:schemaLocation="http://www.springframework.org/schema/integration/ftp http://www.springframework.org/schema/integration/ftp/spring-integration-ftp-2.0.xsd
		http://www.springframework.org/schema/integration http://www.springframework.org/schema/integration/spring-integration-2.2.xsd
		http://www.springframework.org/schema/beans http://www.springframework.org/schema/beans/spring-beans.xsd">

	<int:channel id="ftpChannel">
		<int:queue capacity="1" />
	</int:channel>


	<int:channel id="directChannel" />

	<int:bridge input-channel="ftpChannel" output-channel="directChannel">
		<int:poller fixed-rate="1" />
	</int:bridge>
	<!-- A MessageBridge is a simple endpoint that couples different messaging 
		modes or adapters. An example of a common use of the bridge is to tie up 
		a point-to-point (P2P) mode channel to a Publish/Subscribe (Pub/Sub) mode. 
		In a P2P mode, a PollableChannel is used by the endpoint, whereas a PublishSubscribeChannel 
		is used in Pub/Sub mode. -->
	<int:service-activator input-channel="directChannel"
		ref="helloService" method="sayHello">

	</int:service-activator>
	<bean id="helloService" class="com.cg.demo.MyHelloService" />

	<int:service-activator input-channel="directChannel"
		ref="helloService2" method="sayHello">

	</int:service-activator>
	<bean id="helloService2" class="com.cg.demo.MyHelloService2" />

	<int-ftp:inbound-channel-adapter
		local-directory="d:\PickedFromFTP" channel="ftpChannel"
		session-factory="ftpSessionFactory" remote-directory="/">
		<int:poller fixed-rate="10" />
	</int-ftp:inbound-channel-adapter>
	<bean id="ftpSessionFactory"
		class="org.springframework.integration.ftp.session.DefaultFtpSessionFactory">
		<property name="host" value="127.0.0.1" />
		<property name="username" value="sagar" />
		<property name="password" value="password" />
	</bean>

</beans>
