<?xml version="1.0" encoding="UTF-8"?>
<beans xmlns="http://www.springframework.org/schema/beans"
	xmlns:xsi="http://www.w3.org/2001/XMLSchema-instance" xmlns:int="http://www.springframework.org/schema/integration"
	xmlns:int-ftp="http://www.springframework.org/schema/integration/ftp"
	xsi:schemaLocation="http://www.springframework.org/schema/integration/ftp http://www.springframework.org/schema/integration/ftp/spring-integration-ftp-2.0.xsd
		http://www.springframework.org/schema/integration http://www.springframework.org/schema/integration/spring-integration-2.2.xsd
		http://www.springframework.org/schema/beans http://www.springframework.org/schema/beans/spring-beans.xsd">
	<context:component-scan base-package="com.apress.prospringintegration.transform"
		xmlns:beans="http://www.springframework.org/schema/beans"
		xmlns:context="http://www.springframework.org/schema/context"
		xsi:schemaLocation="http://www.springframework.org/schema/beans http://www.springframework.org/schema/beans/spring-beans-3.0.xsd
		http://www.springframework.org/schema/context http://www.springframework.org/schema/context/spring-context-3.2.xsd" />
	<int:object-to-json-transformer
		input-channel="input" output-channel="json" />
	<int:json-to-object-transformer
		input-channel="json" output-channel="output" type="com.cg.demo.Customer" />
	<int:logging-channel-adapter id="logger"
		log-full-message="true" level="INFO" />
	<int:channel id="input" />
	<int:channel id="json">
		<int:interceptors>
			<int:wire-tap channel="logger" />
		</int:interceptors>
	</int:channel>
	<int:channel id="output">
		<int:queue capacity="10" />
	</int:channel>
</beans>