<?xml version="1.0" encoding="UTF-8"?>
<beans xmlns="http://www.springframework.org/schema/beans"
	xmlns:xsi="http://www.w3.org/2001/XMLSchema-instance"
	xmlns:int="http://www.springframework.org/schema/integration"
	xmlns:int-ftp="http://www.springframework.org/schema/integration/ftp"
	xmlns:int-xml="http://www.springframework.org/schema/integration/xml"
	xsi:schemaLocation="http://www.springframework.org/schema/integration/xml http://www.springframework.org/schema/integration/xml/spring-integration-xml-2.1.xsd
		http://www.springframework.org/schema/integration/ftp http://www.springframework.org/schema/integration/ftp/spring-integration-ftp-2.0.xsd
		http://www.springframework.org/schema/integration http://www.springframework.org/schema/integration/spring-integration-2.2.xsd
		http://www.springframework.org/schema/beans http://www.springframework.org/schema/beans/spring-beans.xsd">

  <int:object-to-map-transformer input-channel="input"
                                 output-channel="map"/>

  <int:map-to-object-transformer input-channel="map"
                                 output-channel="output"
                                 type="com.cg.demo.Customer"/>

  <int:logging-channel-adapter id="logger"
                               log-full-message="true"
                               level="INFO"/>

  <int:channel id="input"/>

  <int:channel id="map">
    <int:interceptors>
      <int:wire-tap channel="logger"/>
    </int:interceptors>
  </int:channel>

  <int:channel id="output">
    <int:queue capacity="10"/>
  </int:channel>

</beans>
