<?xml version="1.0" encoding="UTF-8"?>
<beans xmlns="http://www.springframework.org/schema/beans"
	xmlns:xsi="http://www.w3.org/2001/XMLSchema-instance"
	xmlns:int="http://www.springframework.org/schema/integration"
	xmlns:int-ftp="http://www.springframework.org/schema/integration/ftp"
	xmlns:context="http://www.springframework.org/schema/context"
	xmlns:int-xml="http://www.springframework.org/schema/integration/xml"
	xsi:schemaLocation="http://www.springframework.org/schema/integration/xml http://www.springframework.org/schema/integration/xml/spring-integration-xml-2.1.xsd
		http://www.springframework.org/schema/integration/ftp http://www.springframework.org/schema/integration/ftp/spring-integration-ftp-2.0.xsd
		http://www.springframework.org/schema/integration http://www.springframework.org/schema/integration/spring-integration-2.2.xsd
		http://www.springframework.org/schema/beans http://www.springframework.org/schema/beans/spring-beans.xsd
		http://www.springframework.org/schema/context http://www.springframework.org/schema/context/spring-context-3.2.xsd">

  <context:component-scan base-package="com.apress.prospringintegration.transform"/>

  <int-xml:marshalling-transformer input-channel="input"
                                   output-channel="xml"
                                   marshaller="marshaller"
                                   result-type="StringResult"/>

  <int-xml:unmarshalling-transformer id="defaultUnmarshaller"
                                     input-channel="xml-string"
                                     output-channel="output"
                                     unmarshaller="marshaller"/>

  <int:object-to-string-transformer input-channel="xml" output-channel="xml-string"/>

  <int:logging-channel-adapter id="logger" log-full-message="true" level="INFO"/>

  <int:channel id="input"/>

  <int:channel id="xml-string"/>

<bean id="marshaller" class="org.springframework.oxm.castor.CastorMarshaller" />
  <int:channel id="xml">
    <int:interceptors>
      <int:wire-tap channel="logger"/>
    </int:interceptors>
  </int:channel>

  <int:channel id="output">
    <int:queue capacity="10"/>
  </int:channel>
</beans>
