<?xml version="1.0" encoding="UTF-8"?>
<beans xmlns="http://www.springframework.org/schema/beans"
	xmlns:xsi="http://www.w3.org/2001/XMLSchema-instance" xmlns:int="http://www.springframework.org/schema/integration"
	xmlns:int-ftp="http://www.springframework.org/schema/integration/ftp"
	xsi:schemaLocation="http://www.springframework.org/schema/integration/ftp http://www.springframework.org/schema/integration/ftp/spring-integration-ftp-2.0.xsd
		http://www.springframework.org/schema/integration http://www.springframework.org/schema/integration/spring-integration-2.2.xsd
		http://www.springframework.org/schema/beans http://www.springframework.org/schema/beans/spring-beans.xsd">

	<int:channel id="ftpChannel">
		<int:dispatcher task-executor="taskExecutor" />
	</int:channel>
	<bean id="taskExecutor"
		class="org.springframework.scheduling.concurrent.ThreadPoolTaskExecutor">
		<property name="corePoolSize" value="2" />
	</bean>

	<!-- The ExecutorChannel implements SubscribableChannel and is similar to 
		the DirectChannel, except that the dispatching of the message is carried 
		by a java.util.con.current.Executor instance. Unlike the sending thread taking 
		full control in DirectChannel implementation, the send thread completes its 
		execution after publishing the message in ExecutorChannel. The consumption 
		of the message is processed in a separate thread handled by the dispatcher. 
		The dispatcher invokes the executor for message processing by the consumer. -->

	<int:service-activator input-channel="ftpChannel"
		ref="helloService" method="sayHello" />


	<bean id="helloService" class="com.cg.demo.MyHelloService" />

	<int:service-activator input-channel="ftpChannel"
		ref="helloService2" method="sayHello" />

	<bean id="helloService2" class="com.cg.demo.MyHelloService2" />

	<int-ftp:inbound-channel-adapter
		local-directory="d:\PickedFromFTP" channel="ftpChannel"
		session-factory="ftpSessionFactory" remote-directory="/">
		<int:poller fixed-rate="10" />
	</int-ftp:inbound-channel-adapter>

	<bean id="ftpSessionFactory"
		class="org.springframework.integration.ftp.session.DefaultFtpSessionFactory">
		<property name="host" value="127.0.0.1" />
		<property name="username" value="sagar" />
		<property name="password" value="password" />
	</bean>

</beans>
