<?xml version="1.0" encoding="UTF-8"?>
<beans xmlns="http://www.springframework.org/schema/beans"
	xmlns:xsi="http://www.w3.org/2001/XMLSchema-instance" xmlns:int="http://www.springframework.org/schema/integration"
	xmlns:int-ftp="http://www.springframework.org/schema/integration/ftp"
	xsi:schemaLocation="http://www.springframework.org/schema/integration/ftp http://www.springframework.org/schema/integration/ftp/spring-integration-ftp-2.0.xsd
		http://www.springframework.org/schema/integration http://www.springframework.org/schema/integration/spring-integration-2.2.xsd
		http://www.springframework.org/schema/beans http://www.springframework.org/schema/beans/spring-beans.xsd">

	<int:publish-subscribe-channel id="ftpChannel"
		ignore-failures="true" />

	<!-- ignore-failures="true" is the trick. If you don't write this attribute 
		then the message will be sent to only first channel in the list. -->
	<int:service-activator input-channel="ftpChannel"
		ref="helloService" method="sayHello" />


	<bean id="helloService" class="com.cg.demo.MyHelloService" />

	<int:service-activator input-channel="ftpChannel"
		ref="helloService2" method="sayHello" />

	<bean id="helloService2" class="com.cg.demo.MyHelloService2" />

<!-- 	<int:service-activator input-channel="ftpChannel"
		ref="helloService3" method="sayHello" />

	<bean id="helloService3" class="com.cg.demo.MyHelloService3" />
 -->
	<int-ftp:inbound-channel-adapter
		local-directory="d:\PickedFromFTP" channel="ftpChannel"
		session-factory="ftpSessionFactory" remote-directory="/">
		<int:poller fixed-rate="10" />
	</int-ftp:inbound-channel-adapter>

	<bean id="ftpSessionFactory"
		class="org.springframework.integration.ftp.session.DefaultFtpSessionFactory">
		<property name="host" value="127.0.0.1" />
		<property name="username" value="sagar" />
		<property name="password" value="password" />
	</bean>

</beans>
