<?xml version="1.0" encoding="UTF-8"?>
<beans xmlns="http://www.springframework.org/schema/beans"
	xmlns:xsi="http://www.w3.org/2001/XMLSchema-instance"
	xmlns:int="http://www.springframework.org/schema/integration"
	xmlns:int-ftp="http://www.springframework.org/schema/integration/ftp"
	xmlns:int-xml="http://www.springframework.org/schema/integration/xml"
	xsi:schemaLocation="http://www.springframework.org/schema/integration/xml http://www.springframework.org/schema/integration/xml/spring-integration-xml-2.1.xsd
		http://www.springframework.org/schema/integration/ftp http://www.springframework.org/schema/integration/ftp/spring-integration-ftp-2.0.xsd
		http://www.springframework.org/schema/integration http://www.springframework.org/schema/integration/spring-integration-2.2.xsd
		http://www.springframework.org/schema/beans http://www.springframework.org/schema/beans/spring-beans.xsd">

	<int:channel id="ftpChannel" />
	<int:service-activator input-channel="transformerChannel"
		ref="helloService" method="sayHello" />
	<bean id="helloService" class="com.cg.demo.MyHelloService" />
	<int-ftp:inbound-channel-adapter
		local-directory="d:\PickedFromFTP" channel="ftpChannel"
		session-factory="ftpSessionFactory" remote-directory="/">
		<int:poller fixed-rate="1000" /> 
	</int-ftp:inbound-channel-adapter>
	
	<bean id="ftpSessionFactory"
		class="org.springframework.integration.ftp.session.DefaultFtpSessionFactory">
		<property name="host" value="127.0.0.1" />
		<property name="username" value="sagar" />
		<property name="password" value="password" />
	</bean>
	
	<int:channel id="transformerChannel"/>
	
	<int:transformer ref = "transformer" input-channel="ftpChannel" output-channel="transformerChannel"/>
	<bean id="transformer" class="com.cg.demo.HelloTransformer" />
	
	
</beans>
