<?xml version="1.0" encoding="UTF-8"?>
<beans xmlns="http://www.springframework.org/schema/beans"
	xmlns:xsi="http://www.w3.org/2001/XMLSchema-instance" xmlns:int="http://www.springframework.org/schema/integration"
	xsi:schemaLocation="http://www.springframework.org/schema/integration http://www.springframework.org/schema/integration/spring-integration-2.2.xsd
		http://www.springframework.org/schema/beans http://www.springframework.org/schema/beans/spring-beans.xsd">

	<int:channel id="q-channel">
		<int:queue capacity="10" />
	</int:channel>

	<int:channel id="priority-channel">
		<int:priority-queue capacity="10" />
	</int:channel>

	<int:publish-subscribe-channel id="pubsub-channel" />

	<int:channel id="rendezvous-channel">
		<int:rendezvous-queue />
	</int:channel>

	<int:channel id="replyChannel">
		<int:rendezvous-queue />
	</int:channel>
</beans>
